<?xml version="1.0" encoding="UTF-8"?>
<databaseChangeLog xmlns="http://www.liquibase.org/xml/ns/dbchangelog" xmlns:xsi="http://www.w3.org/2001/XMLSchema-instance" xsi:schemaLocation="http://www.liquibase.org/xml/ns/dbchangelog                       http://www.liquibase.org/xml/ns/dbchangelog/dbchangelog-3.1.xsd">
    <changeSet author="lee.albas" id="changelog-otd-terminator-1.0.1" failOnError="true">
    	<validCheckSum>ANY</validCheckSum>
        <createTable tableName="otd_terminations">
            <column name="id" type="NUMBER(19,0)">
                <constraints nullable="false" primaryKey="true" />
            </column>
            <column name="otd_account_id" type="VARCHAR2(24 CHAR)">
                <constraints nullable="false" />
            </column>
            <column name="customer_id" type="VARCHAR2(10 CHAR)">
                <constraints nullable="false" />
            </column>
            <column name="inquiry_response" type="VARCHAR2(4000 CHAR)">
                <constraints nullable="false" />
            </column>
            <column name="created" type="TIMESTAMP (6)" />
            <column name="updated" type="TIMESTAMP (6)" />
            <column name="updated_by" type="VARCHAR2(30 CHAR)" />
        </createTable>
    </changeSet>
    <changeSet author="lee.albas" id="changelog-otd-terminator-1.0.2" failOnError="true">
    	<validCheckSum>ANY</validCheckSum>
        <sql>
		CREATE SEQUENCE "OTD_TERMINATION_ID_SEQ"
		MINVALUE 1
		MAXVALUE 9999999999999999999999999999
		INCREMENT BY 1
		START WITH 1
		CACHE 20 NOORDER
		NOCYCLE
	</sql>
    </changeSet>
        <changeSet author="lee.albas" id="changelog-otd-terminator-1.0.3" failOnError="true">
    	<validCheckSum>ANY</validCheckSum>
        <sql>
		CREATE SEQUENCE "OTD_TERMINATOR_SEQ"
		MINVALUE 1
		MAXVALUE 9999999999999999999999999999
		INCREMENT BY 1
		START WITH 1
		CACHE 20 NOORDER
		NOCYCLE
	</sql>
    </changeSet>
</databaseChangeLog>