<?xml version="1.0" encoding="UTF-8"?>
<databaseChangeLog xmlns="http://www.liquibase.org/xml/ns/dbchangelog"
	xmlns:xsi="http://www.w3.org/2001/XMLSchema-instance"
	xsi:schemaLocation="http://www.liquibase.org/xml/ns/dbchangelog
                      http://www.liquibase.org/xml/ns/dbchangelog/dbchangelog-3.1.xsd">
                      			
	<changeSet author="lee.albas" id="changelog-otd-core-1.1.1" failOnError="true">
		<addColumn tableName="OTD_REQUESTS">
        	<column name="PRE_TERM_REFERENCE_ID" type="VARCHAR2(24 CHAR)" />        	
    	</addColumn>
    </changeSet>
    
    	
    <changeSet author="lee.albas" id="changelog-otd-core-1.1.2" failOnError="true">
    	<addColumn tableName="OTD_REQUESTS">
        	<column name="PRE_TERM_TRANSACTION_DATE" type="TIMESTAMP (8)" />
    	</addColumn>
    </changeSet>
    
    <changeSet author="lee.albas" id="changelog-otd-core-1.1.3" failOnError="true">
    	<addColumn tableName="OTD_REQUESTS">
        	<column name="PRE_TERM_FLAG" type="CHAR(1)" defaultValue="0"/>
    	</addColumn>
    </changeSet>    
</databaseChangeLog>