<?xml version="1.0" encoding="UTF-8"?>
<databaseChangeLog
	xmlns="http://www.liquibase.org/xml/ns/dbchangelog"
	xmlns:xsi="http://www.w3.org/2001/XMLSchema-instance"
	xsi:schemaLocation="http://www.liquibase.org/xml/ns/dbchangelog
                      http://www.liquibase.org/xml/ns/dbchangelog/dbchangelog-3.1.xsd">

	<changeSet author="lee.albas"
		id="changelog-otd-core-1.3.1" failOnError="true">
		<renameColumn tableName="OTD_REQUESTS"
			oldColumnName="PRE_TERM_REFERENCE_ID"
			newColumnName="TERMINATION_REFERENCE_ID" />
	</changeSet>

	<changeSet author="lee.albas"
		id="changelog-otd-core-1.3.2" failOnError="true">
		<renameColumn tableName="OTD_REQUESTS"
			oldColumnName="PRE_TERM_TRANSACTION_DATE"
			newColumnName="TERMINATION_TRANSACTION_DATE" />
	</changeSet>

	<changeSet author="lee.albas"
		id="changelog-otd-core-1.3.3" failOnError="true">
		<renameColumn tableName="OTD_REQUESTS"
			oldColumnName="PRE_TERM_FLAG"
			newColumnName="TERMINATED" />
	</changeSet>
</databaseChangeLog>