<?xml version="1.0" encoding="UTF-8"?>
<databaseChangeLog
	xmlns="http://www.liquibase.org/xml/ns/dbchangelog"
	xmlns:xsi="http://www.w3.org/2001/XMLSchema-instance"
	xsi:schemaLocation="http://www.liquibase.org/xml/ns/dbchangelog
                      http://www.liquibase.org/xml/ns/dbchangelog/dbchangelog-3.1.xsd">

	<changeSet author="lee.albas" id="changelog-otd-core-1.2.1"
		failOnError="true">
		<addColumn tableName="OTD_REQUESTS">
			<column name="OTD_ACCOUNT_NAME" type="VARCHAR2(160 CHAR)" />
		</addColumn>
	</changeSet>

	<changeSet author="lee.albas" id="changelog-otd-core-1.2.2"
		failOnError="true">
		<update tableName="OTD_REQUESTS">
	        <column name="account_name" type="varchar(160)" value="valued client"/>
        <where>account_name is null</where>
    </update>
	</changeSet>
</databaseChangeLog>