<?xml version="1.0" encoding="UTF-8"?>
<databaseChangeLog
	xmlns="http://www.liquibase.org/xml/ns/dbchangelog"
	xmlns:xsi="http://www.w3.org/2001/XMLSchema-instance"
	xsi:schemaLocation="http://www.liquibase.org/xml/ns/dbchangelog
                      http://www.liquibase.org/xml/ns/dbchangelog/dbchangelog-3.1.xsd">

	<changeSet author="lee.albas" id="changelog-otd-core-1.5.1" failOnError="true">
		<addColumn tableName="OTD_REQUESTS">
			<column name="ACCOUNT_TYPE" type="VARCHAR2(5 CHAR)" />
		</addColumn>
		<addColumn tableName="OTD_REQUESTS">
			<column name="OTD_INTERNAL_ACCOUNT_ID" type="VARCHAR2(30 CHAR)" />
		</addColumn>
	</changeSet>

	<changeSet author="lee.albas" id="changelog-otd-core-1.5.2" failOnError="true">
		<sql>
			UPDATE otd_requests o SET otd_internal_account_id = (select c.id from casa c where c.account_no = o.otd_account_id and c.customer_id = o.customer_id);
		</sql>
	</changeSet>
</databaseChangeLog>