<?xml version="1.0" encoding="UTF-8"?>
<databaseChangeLog xmlns="http://www.liquibase.org/xml/ns/dbchangelog" xmlns:xsi="http://www.w3.org/2001/XMLSchema-instance" xsi:schemaLocation="http://www.liquibase.org/xml/ns/dbchangelog                       http://www.liquibase.org/xml/ns/dbchangelog/dbchangelog-3.1.xsd">
    <changeSet author="lee.albas" id="changelog-otd-core-1.0.1" failOnError="true">
    	<validCheckSum>ANY</validCheckSum>
        <createTable tableName="otd_requests">
            <column name="id" type="NUMBER(19,0)">
                <constraints nullable="false" primaryKey="true" />
            </column>
            <column name="reference_id" type="VARCHAR2(24 CHAR)">
                <constraints nullable="false" />
            </column>
            <column name="customer_id" type="VARCHAR2(10 CHAR)">
                <constraints nullable="false" />
            </column>
            <column name="cif" type="VARCHAR2(14 CHAR)">
                <constraints nullable="false" />
            </column>
            <column name="currency_code" type="VARCHAR2(3 CHAR)">
                <constraints nullable="false" />
            </column>
            <column name="branch_code" type="VARCHAR2(3 CHAR)">
                <constraints nullable="false" />
            </column>
            <column name="account_id" type="VARCHAR2(10 CHAR)">
                <constraints nullable="false" />
            </column>
            <column name="product_type" type="VARCHAR2(3 CHAR)">
                <constraints nullable="false" />
            </column>
            <column name="placement_amount" type="VARCHAR2(15 CHAR)">
                <constraints nullable="false" />
            </column>
            <column name="base_rate" type="VARCHAR2(9 CHAR)">
                <constraints nullable="false" />
            </column>
            <column name="add_on_rate" type="VARCHAR2(9 CHAR)">
                <constraints nullable="false" />
            </column>
            <column name="term" type="VARCHAR2(1 CHAR)">
                <constraints nullable="false" />
            </column>
            <column name="tenor" type="VARCHAR2(7 CHAR)">
                <constraints nullable="false" />
            </column>
            <column name="rollover_instruction" type="VARCHAR2(1 CHAR)">
                <constraints nullable="false" />
            </column>
            <column name="tax_flag" type="VARCHAR2(1 CHAR)">
                <constraints nullable="false" />
            </column>
            <column name="opening_status_flag" type="VARCHAR2(1 CHAR)" />
            <column name="remarks" type="VARCHAR2(20 CHAR)" />
            <column name="account_name" type="VARCHAR2(160 CHAR)" />
            <column name="confirmation_advice_number" type="VARCHAR2(20 CHAR)" />
            <column name="depository_branch" type="VARCHAR2(34 CHAR)" />
            <column name="otd_account_id" type="VARCHAR2(14 CHAR)" />
            <column name="currency" type="VARCHAR2(30 CHAR)" />
            <column name="transaction_date" type="TIMESTAMP (8)" />
            <column name="maturity_date" type="TIMESTAMP (8)" />
            <column name="created" type="TIMESTAMP (6)" />
            <column name="updated" type="TIMESTAMP (6)" />
            <column name="updated_by" type="VARCHAR2(30 CHAR)" />
        </createTable>
    </changeSet>
    <changeSet author="lee.albas" id="changelog-otd-core-1.0.2" failOnError="true">
    	<validCheckSum>ANY</validCheckSum>
        <createTable tableName="otd_successful_dispatch_time">
            <column name="id" type="NUMBER(19,0)">
                <constraints nullable="false" primaryKey="true" />
            </column>
            <column name="created" type="TIMESTAMP (6)" />
            <column name="updated" type="TIMESTAMP (6)" />
        </createTable>
    </changeSet>
    <changeSet author="lee.albas" id="changelog-otd-core-1.0.3" failOnError="true">
    	<validCheckSum>ANY</validCheckSum>
        <sql>
		CREATE SEQUENCE "OTD_REQUEST_ID_SEQ"
		MINVALUE 1
		MAXVALUE 9999999999999999999999999999
		INCREMENT BY 1
		START WITH 1
		CACHE 20 NOORDER
		NOCYCLE
	</sql>
    </changeSet>
</databaseChangeLog>